[{"matchNumber": 1, "setNumber": 1, "compLevel": "qm", "matchKey": "2025caav_qm1", "displayName": "Qualifying 1", "teams": {"red1": 1700, "red2": 3476, "red3": 4419, "blue1": 7447, "blue2": 2404, "blue3": 5869}}, {"matchNumber": 2, "setNumber": 1, "compLevel": "qm", "matchKey": "2025caav_qm2", "displayName": "Qualifying 2", "teams": {"red1": 4123, "red2": 6060, "red3": 2543, "blue1": 3408, "blue2": 599, "blue3": 846}}, {"matchNumber": 3, "setNumber": 1, "compLevel": "qm", "matchKey": "2025caav_qm3", "displayName": "Qualifying 3", "teams": {"red1": 8521, "red2": 1160, "red3": 2584, "blue1": 399, "blue2": 3669, "blue3": 1515}}, {"matchNumber": 4, "setNumber": 1, "compLevel": "qm", "matchKey": "2025caav_qm4", "displayName": "Qualifying 4", "teams": {"red1": 9471, "red2": 7709, "red3": 687, "blue1": 980, "blue2": 5012, "blue3": 5835}}, {"matchNumber": 5, "setNumber": 1, "compLevel": "qm", "matchKey": "2025caav_qm5", "displayName": "Qualifying 5", "teams": {"red1": 22, "red2": 10213, "red3": 7042, "blue1": 5199, "blue2": 6072, "blue3": 691}}, {"matchNumber": 6, "setNumber": 1, "compLevel": "qm", "matchKey": "2025caav_qm6", "displayName": "Qualifying 6", "teams": {"red1": 7157, "red2": 2637, "red3": 3993, "blue1": 294, "blue2": 5285, "blue3": 6560}}, {"matchNumber": 7, "setNumber": 1, "compLevel": "qm", "matchKey": "2025caav_qm7", "displayName": "Qualifying 7", "teams": {"red1": 7607, "red2": 4415, "red3": 4419, "blue1": 3952, "blue2": 3925, "blue3": 1515}}, {"matchNumber": 8, "setNumber": 1, "compLevel": "qm", "matchKey": "2025caav_qm8", "displayName": "Qualifying 8", "teams": {"red1": 3408, "red2": 3669, "red3": 7709, "blue1": 9471, "blue2": 5012, "blue3": 8521}}, {"matchNumber": 9, "setNumber": 1, "compLevel": "qm", "matchKey": "2025caav_qm9", "displayName": "Qualifying 9", "teams": {"red1": 7447, "red2": 846, "red3": 687, "blue1": 7042, "blue2": 4123, "blue3": 599}}, {"matchNumber": 10, "setNumber": 1, "compLevel": "qm", "matchKey": "2025caav_qm10", "displayName": "Qualifying 10", "teams": {"red1": 1700, "red2": 5285, "red3": 2543, "blue1": 22, "blue2": 3476, "blue3": 6560}}, {"matchNumber": 11, "setNumber": 1, "compLevel": "qm", "matchKey": "2025caav_qm11", "displayName": "Qualifying 11", "teams": {"red1": 3925, "red2": 294, "red3": 2404, "blue1": 5835, "blue2": 10213, "blue3": 6060}}, {"matchNumber": 12, "setNumber": 1, "compLevel": "qm", "matchKey": "2025caav_qm12", "displayName": "Qualifying 12", "teams": {"red1": 6072, "red2": 399, "red3": 7157, "blue1": 7607, "blue2": 5199, "blue3": 3952}}, {"matchNumber": 13, "setNumber": 1, "compLevel": "qm", "matchKey": "2025caav_qm13", "displayName": "Qualifying 13", "teams": {"red1": 691, "red2": 5869, "red3": 2584, "blue1": 2637, "blue2": 1160, "blue3": 980}}, {"matchNumber": 14, "setNumber": 1, "compLevel": "qm", "matchKey": "2025caav_qm14", "displayName": "Qualifying 14", "teams": {"red1": 4419, "red2": 3993, "red3": 599, "blue1": 4415, "blue2": 7709, "blue3": 22}}, {"matchNumber": 15, "setNumber": 1, "compLevel": "qm", "matchKey": "2025caav_qm15", "displayName": "Qualifying 15", "teams": {"red1": 3476, "red2": 687, "red3": 5835, "blue1": 6060, "blue2": 1515, "blue3": 6560}}, {"matchNumber": 16, "setNumber": 1, "compLevel": "qm", "matchKey": "2025caav_qm16", "displayName": "Qualifying 16", "teams": {"red1": 5199, "red2": 7447, "red3": 5285, "blue1": 2543, "blue2": 846, "blue3": 3952}}, {"matchNumber": 17, "setNumber": 1, "compLevel": "qm", "matchKey": "2025caav_qm17", "displayName": "Qualifying 17", "teams": {"red1": 980, "red2": 8521, "red3": 3925, "blue1": 2584, "blue2": 7157, "blue3": 7042}}, {"matchNumber": 18, "setNumber": 1, "compLevel": "qm", "matchKey": "2025caav_qm18", "displayName": "Qualifying 18", "teams": {"red1": 399, "red2": 3408, "red3": 5869, "blue1": 691, "blue2": 294, "blue3": 3993}}, {"matchNumber": 19, "setNumber": 1, "compLevel": "qm", "matchKey": "2025caav_qm19", "displayName": "Qualifying 19", "teams": {"red1": 7607, "red2": 9471, "red3": 1160, "blue1": 2637, "blue2": 1700, "blue3": 4123}}, {"matchNumber": 20, "setNumber": 1, "compLevel": "qm", "matchKey": "2025caav_qm20", "displayName": "Qualifying 20", "teams": {"red1": 3669, "red2": 4415, "red3": 5012, "blue1": 6072, "blue2": 10213, "blue3": 2404}}, {"matchNumber": 21, "setNumber": 1, "compLevel": "qm", "matchKey": "2025caav_qm21", "displayName": "Qualifying 21", "teams": {"red1": 3952, "red2": 3476, "red3": 980, "blue1": 8521, "blue2": 599, "blue3": 22}}, {"matchNumber": 22, "setNumber": 1, "compLevel": "qm", "matchKey": "2025caav_qm22", "displayName": "Qualifying 22", "teams": {"red1": 691, "red2": 1515, "red3": 5835, "blue1": 7447, "blue2": 7157, "blue3": 3408}}, {"matchNumber": 23, "setNumber": 1, "compLevel": "qm", "matchKey": "2025caav_qm23", "displayName": "Qualifying 23", "teams": {"red1": 294, "red2": 7709, "red3": 7042, "blue1": 2637, "blue2": 7607, "blue3": 2543}}, {"matchNumber": 24, "setNumber": 1, "compLevel": "qm", "matchKey": "2025caav_qm24", "displayName": "Qualifying 24", "teams": {"red1": 4415, "red2": 5199, "red3": 1700, "blue1": 3993, "blue2": 6060, "blue3": 2584}}, {"matchNumber": 25, "setNumber": 1, "compLevel": "qm", "matchKey": "2025caav_qm25", "displayName": "Qualifying 25", "teams": {"red1": 1160, "red2": 4123, "red3": 5869, "blue1": 6560, "blue2": 687, "blue3": 6072}}, {"matchNumber": 26, "setNumber": 1, "compLevel": "qm", "matchKey": "2025caav_qm26", "displayName": "Qualifying 26", "teams": {"red1": 4419, "red2": 10213, "red3": 399, "blue1": 3669, "blue2": 9471, "blue3": 5285}}, {"matchNumber": 27, "setNumber": 1, "compLevel": "qm", "matchKey": "2025caav_qm27", "displayName": "Qualifying 27", "teams": {"red1": 691, "red2": 2404, "red3": 5012, "blue1": 846, "blue2": 3925, "blue3": 7709}}, {"matchNumber": 28, "setNumber": 1, "compLevel": "qm", "matchKey": "2025caav_qm28", "displayName": "Qualifying 28", "teams": {"red1": 1515, "red2": 980, "red3": 22, "blue1": 3408, "blue2": 2637, "blue3": 294}}, {"matchNumber": 29, "setNumber": 1, "compLevel": "qm", "matchKey": "2025caav_qm29", "displayName": "Qualifying 29", "teams": {"red1": 6072, "red2": 2584, "red3": 7447, "blue1": 687, "blue2": 6060, "blue3": 7607}}, {"matchNumber": 30, "setNumber": 1, "compLevel": "qm", "matchKey": "2025caav_qm30", "displayName": "Qualifying 30", "teams": {"red1": 599, "red2": 5835, "red3": 5869, "blue1": 4415, "blue2": 399, "blue3": 1160}}, {"matchNumber": 31, "setNumber": 1, "compLevel": "qm", "matchKey": "2025caav_qm31", "displayName": "Qualifying 31", "teams": {"red1": 4419, "red2": 8521, "red3": 5199, "blue1": 5285, "blue2": 4123, "blue3": 846}}, {"matchNumber": 32, "setNumber": 1, "compLevel": "qm", "matchKey": "2025caav_qm32", "displayName": "Qualifying 32", "teams": {"red1": 7157, "red2": 3925, "red3": 3669, "blue1": 3476, "blue2": 2543, "blue3": 9471}}, {"matchNumber": 33, "setNumber": 1, "compLevel": "qm", "matchKey": "2025caav_qm33", "displayName": "Qualifying 33", "teams": {"red1": 1700, "red2": 6560, "red3": 7042, "blue1": 5012, "blue2": 3993, "blue3": 3952}}, {"matchNumber": 34, "setNumber": 1, "compLevel": "qm", "matchKey": "2025caav_qm34", "displayName": "Qualifying 34", "teams": {"red1": 10213, "red2": 7447, "red3": 2637, "blue1": 2404, "blue2": 3408, "blue3": 980}}, {"matchNumber": 35, "setNumber": 1, "compLevel": "qm", "matchKey": "2025caav_qm35", "displayName": "Qualifying 35", "teams": {"red1": 5835, "red2": 7607, "red3": 2584, "blue1": 846, "blue2": 4419, "blue3": 22}}, {"matchNumber": 36, "setNumber": 1, "compLevel": "qm", "matchKey": "2025caav_qm36", "displayName": "Qualifying 36", "teams": {"red1": 5199, "red2": 1515, "red3": 7709, "blue1": 5869, "blue2": 2543, "blue3": 4415}}, {"matchNumber": 37, "setNumber": 1, "compLevel": "qm", "matchKey": "2025caav_qm37", "displayName": "Qualifying 37", "teams": {"red1": 294, "red2": 5012, "red3": 3476, "blue1": 3952, "blue2": 691, "blue3": 4123}}, {"matchNumber": 38, "setNumber": 1, "compLevel": "qm", "matchKey": "2025caav_qm38", "displayName": "Qualifying 38", "teams": {"red1": 6060, "red2": 1700, "red3": 8521, "blue1": 10213, "blue2": 9471, "blue3": 7157}}, {"matchNumber": 39, "setNumber": 1, "compLevel": "qm", "matchKey": "2025caav_qm39", "displayName": "Qualifying 39", "teams": {"red1": 1160, "red2": 5285, "red3": 687, "blue1": 3925, "blue2": 6072, "blue3": 3993}}, {"matchNumber": 40, "setNumber": 1, "compLevel": "qm", "matchKey": "2025caav_qm40", "displayName": "Qualifying 40", "teams": {"red1": 6560, "red2": 399, "red3": 599, "blue1": 2404, "blue2": 7042, "blue3": 3669}}, {"matchNumber": 41, "setNumber": 1, "compLevel": "qm", "matchKey": "2025caav_qm41", "displayName": "Qualifying 41", "teams": {"red1": 3952, "red2": 3408, "red3": 5835, "blue1": 4123, "blue2": 2584, "blue3": 5199}}, {"matchNumber": 42, "setNumber": 1, "compLevel": "qm", "matchKey": "2025caav_qm42", "displayName": "Qualifying 42", "teams": {"red1": 6060, "red2": 22, "red3": 294, "blue1": 5012, "blue2": 7709, "blue3": 7447}}, {"matchNumber": 43, "setNumber": 1, "compLevel": "qm", "matchKey": "2025caav_qm43", "displayName": "Qualifying 43", "teams": {"red1": 7157, "red2": 691, "red3": 7607, "blue1": 5285, "blue2": 4415, "blue3": 8521}}, {"matchNumber": 44, "setNumber": 1, "compLevel": "qm", "matchKey": "2025caav_qm44", "displayName": "Qualifying 44", "teams": {"red1": 687, "red2": 1515, "red3": 2637, "blue1": 3669, "blue2": 1700, "blue3": 10213}}, {"matchNumber": 45, "setNumber": 1, "compLevel": "qm", "matchKey": "2025caav_qm45", "displayName": "Qualifying 45", "teams": {"red1": 3993, "red2": 5869, "red3": 3476, "blue1": 3925, "blue2": 599, "blue3": 9471}}, {"matchNumber": 46, "setNumber": 1, "compLevel": "qm", "matchKey": "2025caav_qm46", "displayName": "Qualifying 46", "teams": {"red1": 4419, "red2": 2543, "red3": 2404, "blue1": 399, "blue2": 7042, "blue3": 980}}, {"matchNumber": 47, "setNumber": 1, "compLevel": "qm", "matchKey": "2025caav_qm47", "displayName": "Qualifying 47", "teams": {"red1": 846, "red2": 6560, "red3": 8521, "blue1": 1160, "blue2": 6072, "blue3": 294}}, {"matchNumber": 48, "setNumber": 1, "compLevel": "qm", "matchKey": "2025caav_qm48", "displayName": "Qualifying 48", "teams": {"red1": 4123, "red2": 22, "red3": 3408, "blue1": 687, "blue2": 7157, "blue3": 4415}}, {"matchNumber": 49, "setNumber": 1, "compLevel": "qm", "matchKey": "2025caav_qm49", "displayName": "Qualifying 49", "teams": {"red1": 7607, "red2": 3925, "red3": 5012, "blue1": 2637, "blue2": 5869, "blue3": 5199}}, {"matchNumber": 50, "setNumber": 1, "compLevel": "qm", "matchKey": "2025caav_qm50", "displayName": "Qualifying 50", "teams": {"red1": 599, "red2": 691, "red3": 10213, "blue1": 7709, "blue2": 5835, "blue3": 1700}}, {"matchNumber": 51, "setNumber": 1, "compLevel": "qm", "matchKey": "2025caav_qm51", "displayName": "Qualifying 51", "teams": {"red1": 2404, "red2": 2584, "red3": 9471, "blue1": 6560, "blue2": 2543, "blue3": 1160}}, {"matchNumber": 52, "setNumber": 1, "compLevel": "qm", "matchKey": "2025caav_qm52", "displayName": "Qualifying 52", "teams": {"red1": 3476, "red2": 846, "red3": 6072, "blue1": 1515, "blue2": 7042, "blue3": 4419}}, {"matchNumber": 53, "setNumber": 1, "compLevel": "qm", "matchKey": "2025caav_qm53", "displayName": "Qualifying 53", "teams": {"red1": 7447, "red2": 3952, "red3": 6060, "blue1": 5285, "blue2": 3993, "blue3": 399}}, {"matchNumber": 54, "setNumber": 1, "compLevel": "qm", "matchKey": "2025caav_qm54", "displayName": "Qualifying 54", "teams": {"red1": 980, "red2": 7607, "red3": 1700, "blue1": 3669, "blue2": 5835, "blue3": 4123}}, {"matchNumber": 55, "setNumber": 1, "compLevel": "qm", "matchKey": "2025caav_qm55", "displayName": "Qualifying 55", "teams": {"red1": 1160, "red2": 22, "red3": 3925, "blue1": 2543, "blue2": 3408, "blue3": 10213}}, {"matchNumber": 56, "setNumber": 1, "compLevel": "qm", "matchKey": "2025caav_qm56", "displayName": "Qualifying 56", "teams": {"red1": 7042, "red2": 846, "red3": 4415, "blue1": 5869, "blue2": 294, "blue3": 9471}}, {"matchNumber": 57, "setNumber": 1, "compLevel": "qm", "matchKey": "2025caav_qm57", "displayName": "Qualifying 57", "teams": {"red1": 7709, "red2": 2637, "red3": 6072, "blue1": 3476, "blue2": 7447, "blue3": 399}}, {"matchNumber": 58, "setNumber": 1, "compLevel": "qm", "matchKey": "2025caav_qm58", "displayName": "Qualifying 58", "teams": {"red1": 2584, "red2": 599, "red3": 1515, "blue1": 5012, "blue2": 4419, "blue3": 5285}}, {"matchNumber": 59, "setNumber": 1, "compLevel": "qm", "matchKey": "2025caav_qm59", "displayName": "Qualifying 59", "teams": {"red1": 687, "red2": 3993, "red3": 2404, "blue1": 8521, "blue2": 3952, "blue3": 7157}}, {"matchNumber": 60, "setNumber": 1, "compLevel": "qm", "matchKey": "2025caav_qm60", "displayName": "Qualifying 60", "teams": {"red1": 5199, "red2": 6060, "red3": 3669, "blue1": 6560, "blue2": 980, "blue3": 691}}, {"matchNumber": 61, "setNumber": 1, "compLevel": "qm", "matchKey": "2025caav_qm61", "displayName": "Qualifying 61", "teams": {"red1": 9471, "red2": 4415, "red3": 3408, "blue1": 7042, "blue2": 7607, "blue3": 3476}}, {"matchNumber": 62, "setNumber": 1, "compLevel": "qm", "matchKey": "2025caav_qm62", "displayName": "Qualifying 62", "teams": {"red1": 294, "red2": 4123, "red3": 399, "blue1": 3925, "blue2": 2584, "blue3": 1700}}, {"matchNumber": 63, "setNumber": 1, "compLevel": "qm", "matchKey": "2025caav_qm63", "displayName": "Qualifying 63", "teams": {"red1": 7709, "red2": 2404, "red3": 599, "blue1": 1515, "blue2": 7157, "blue3": 1160}}, {"matchNumber": 64, "setNumber": 1, "compLevel": "qm", "matchKey": "2025caav_qm64", "displayName": "Qualifying 64", "teams": {"red1": 846, "red2": 3669, "red3": 2637, "blue1": 3993, "blue2": 5835, "blue3": 5199}}, {"matchNumber": 65, "setNumber": 1, "compLevel": "qm", "matchKey": "2025caav_qm65", "displayName": "Qualifying 65", "teams": {"red1": 10213, "red2": 3952, "red3": 6560, "blue1": 6060, "blue2": 4419, "blue3": 691}}, {"matchNumber": 66, "setNumber": 1, "compLevel": "qm", "matchKey": "2025caav_qm66", "displayName": "Qualifying 66", "teams": {"red1": 2543, "red2": 22, "red3": 7447, "blue1": 5869, "blue2": 8521, "blue3": 687}}, {"matchNumber": 67, "setNumber": 1, "compLevel": "qm", "matchKey": "2025caav_qm67", "displayName": "Qualifying 67", "teams": {"red1": 5285, "red2": 980, "red3": 7157, "blue1": 6072, "blue2": 5012, "blue3": 3408}}, {"matchNumber": 68, "setNumber": 1, "compLevel": "qm", "matchKey": "2025caav_qm68", "displayName": "Qualifying 68", "teams": {"red1": 3993, "red2": 9471, "red3": 4123, "blue1": 1515, "blue2": 2404, "blue3": 7607}}, {"matchNumber": 69, "setNumber": 1, "compLevel": "qm", "matchKey": "2025caav_qm69", "displayName": "Qualifying 69", "teams": {"red1": 10213, "red2": 5199, "red3": 294, "blue1": 599, "blue2": 1160, "blue3": 3476}}, {"matchNumber": 70, "setNumber": 1, "compLevel": "qm", "matchKey": "2025caav_qm70", "displayName": "Qualifying 70", "teams": {"red1": 399, "red2": 846, "red3": 6060, "blue1": 22, "blue2": 687, "blue3": 691}}, {"matchNumber": 71, "setNumber": 1, "compLevel": "qm", "matchKey": "2025caav_qm71", "displayName": "Qualifying 71", "teams": {"red1": 5012, "red2": 7042, "red3": 2543, "blue1": 5835, "blue2": 4419, "blue3": 6072}}, {"matchNumber": 72, "setNumber": 1, "compLevel": "qm", "matchKey": "2025caav_qm72", "displayName": "Qualifying 72", "teams": {"red1": 2584, "red2": 3952, "red3": 5285, "blue1": 980, "blue2": 5869, "blue3": 7709}}, {"matchNumber": 73, "setNumber": 1, "compLevel": "qm", "matchKey": "2025caav_qm73", "displayName": "Qualifying 73", "teams": {"red1": 4415, "red2": 6560, "red3": 2637, "blue1": 8521, "blue2": 3669, "blue3": 7447}}, {"matchNumber": 74, "setNumber": 1, "compLevel": "qm", "matchKey": "2025caav_qm74", "displayName": "Qualifying 74", "teams": {"red1": 5199, "red2": 687, "red3": 3925, "blue1": 1700, "blue2": 1515, "blue3": 846}}, {"matchNumber": 1, "setNumber": 1, "compLevel": "sf", "matchKey": "2025caav_sf1m1", "displayName": "Playoff 1", "teams": {"red1": 4415, "red2": 687, "red3": 5199, "blue1": 7042, "blue2": 2584, "blue3": 4419}}, {"matchNumber": 1, "setNumber": 2, "compLevel": "sf", "matchKey": "2025caav_sf2m1", "displayName": "Playoff 2", "teams": {"red1": 846, "red2": 4123, "red3": 1160, "blue1": 7709, "blue2": 10213, "blue3": 6060}}, {"matchNumber": 1, "setNumber": 3, "compLevel": "sf", "matchKey": "2025caav_sf3m1", "displayName": "Playoff 3", "teams": {"red1": 3476, "red2": 5012, "red3": 6560, "blue1": 3669, "blue2": 7157, "blue3": 2637}}, {"matchNumber": 1, "setNumber": 4, "compLevel": "sf", "matchKey": "2025caav_sf4m1", "displayName": "Playoff 4", "teams": {"red1": 599, "red2": 294, "red3": 399, "blue1": 5285, "blue2": 691, "blue3": 2543}}, {"matchNumber": 1, "setNumber": 5, "compLevel": "sf", "matchKey": "2025caav_sf5m1", "displayName": "Playoff 5", "teams": {"red1": 7042, "red2": 2584, "red3": 4419, "blue1": 7709, "blue2": 10213, "blue3": 1700}}, {"matchNumber": 1, "setNumber": 6, "compLevel": "sf", "matchKey": "2025caav_sf6m1", "displayName": "Playoff 6", "teams": {"red1": 3669, "red2": 7157, "red3": 2637, "blue1": 5285, "blue2": 691, "blue3": 2543}}, {"matchNumber": 1, "setNumber": 7, "compLevel": "sf", "matchKey": "2025caav_sf7m1", "displayName": "Playoff 7", "teams": {"red1": 4415, "red2": 687, "red3": 5199, "blue1": 846, "blue2": 4123, "blue3": 1160}}, {"matchNumber": 1, "setNumber": 8, "compLevel": "sf", "matchKey": "2025caav_sf8m1", "displayName": "Playoff 8", "teams": {"red1": 3476, "red2": 5012, "red3": 6560, "blue1": 599, "blue2": 294, "blue3": 399}}, {"matchNumber": 1, "setNumber": 9, "compLevel": "sf", "matchKey": "2025caav_sf9m1", "displayName": "Playoff 9", "teams": {"red1": 846, "red2": 4123, "red3": 1160, "blue1": 3669, "blue2": 7157, "blue3": 2637}}, {"matchNumber": 1, "setNumber": 10, "compLevel": "sf", "matchKey": "2025caav_sf10m1", "displayName": "Playoff 10", "teams": {"red1": 599, "red2": 294, "red3": 399, "blue1": 7042, "blue2": 2584, "blue3": 4419}}, {"matchNumber": 1, "setNumber": 11, "compLevel": "sf", "matchKey": "2025caav_sf11m1", "displayName": "Playoff 11", "teams": {"red1": 4415, "red2": 687, "red3": 5199, "blue1": 3476, "blue2": 5012, "blue3": 6560}}, {"matchNumber": 1, "setNumber": 12, "compLevel": "sf", "matchKey": "2025caav_sf12m1", "displayName": "Playoff 12", "teams": {"red1": 599, "red2": 294, "red3": 399, "blue1": 846, "blue2": 4123, "blue3": 1160}}, {"matchNumber": 1, "setNumber": 13, "compLevel": "sf", "matchKey": "2025caav_sf13m1", "displayName": "Playoff 13", "teams": {"red1": 3476, "red2": 5012, "red3": 6560, "blue1": 846, "blue2": 4123, "blue3": 1160}}, {"matchNumber": 1, "setNumber": 1, "compLevel": "f", "matchKey": "2025caav_f1m1", "displayName": "Final 1", "teams": {"red1": 4415, "red2": 687, "red3": 5199, "blue1": 846, "blue2": 4123, "blue3": 1160}}, {"matchNumber": 2, "setNumber": 1, "compLevel": "f", "matchKey": "2025caav_f1m2", "displayName": "Final 2", "teams": {"red1": 4415, "red2": 687, "red3": 5199, "blue1": 846, "blue2": 4123, "blue3": 1160}}, {"matchNumber": 3, "setNumber": 1, "compLevel": "f", "matchKey": "2025caav_f1m3", "displayName": "Final 3", "teams": {"red1": 4415, "red2": 687, "red3": 5199, "blue1": 846, "blue2": 4123, "blue3": 1160}}]